{"heval_aware": [0.0, 2.353076924908834], "heval_rob": [0.0, 2.699117647054317], "mbpp_aware": [0.0, 2.590909090699627], "mbpp_rob": [0.0, 2.9795454544205664]}