{"t_opt_thresh_aware": {"min-pay": [0.0, 0.0, 0.0, 0.0, 0.0, 0.0, 0.0, 0.0, 0.0, 10.640000000000008], "min-budget": [0.0, 7.3416, 7.3416, 7.3416, 7.3416, 7.3416, 7.3416, 7.3416, 7.3416, 7.3416], "min-variance": [0.0, 7.3416, 7.3416, 7.3416, 7.3416, 7.3416, 7.3416, 7.3416, 7.3416, 7.3416]}, "t_opt_thresh_rob": {"min-pay": [0.0, 0.0, 0.0, 0.0, 0.0, 0.0, 0.0, 0.0, 0.0, 12.236000000000006], "min-budget": [0.0, 7.3416, 7.3416, 7.3416, 7.3416, 7.3416, 7.3416, 7.3416, 7.3416, 7.3416], "min-variance": [0.0, 7.3416, 7.3416, 7.3416, 7.3416, 7.3416, 7.3416, 7.3416, 7.3416, 7.3416]}, "t_opt_monotone_aware": {"min-pay": [0.0, 8.291410938540528e-09, 8.412123922524407e-09, 8.475942300881875e-09, 8.48408822412987e-09, 8.480226026672126e-09, 8.525211335356874e-09, 8.550343450009079e-09, 8.499492821301359e-09, 10.639999991550273], "min-budget": [0.0, 4.4776666761601955, 4.477666693372633, 4.4776667192111415, 4.477666738481146, 4.477666753573615, 4.477666779865467, 4.477666787203937, 4.477666801190408, 6.162333401998703], "min-variance": [0.0, 4.477740657306905, 4.477754749176254, 4.477774871515196, 4.477796716669676, 4.477816992792927, 4.477834902258212, 4.477847568832116, 4.47786980748176, 6.162393231847945]}, "t_opt_monotone_rob": {"min-pay": [0.0, 9.45785673201987e-09, 9.520178779190289e-09, 9.528143607462202e-09, 9.481195642760913e-09, 9.420729079832731e-09, 9.405115549362997e-09, 9.368852068912465e-09, 9.261139846488554e-09, 12.23599999002157], "min-budget": [0.0, 5.608166666024439, 5.608166666141947, 5.608166666356524, 5.608166666497506, 5.608166666585707, 5.608166666759983, 5.608166666825909, 5.608166666913416, 6.627833334545012], "min-variance": [0.0, 5.608074902858516, 5.608057058251665, 5.608031764634725, 5.608004335008786, 5.607978834097013, 5.6079562822360955, 5.607940235526808, 5.607912500074414, 6.627757770694165]}}